{
  "principalPoint": {
    "x": 0,
    "y": 0
  },
  "viewTransform": {
    "rows": [
      [
        0.5701379641719507,
        0.06293354929992452,
        -0.8191349523627821,
        -0.35977173924440775
      ],
      [
        -0.16910584279602903,
        0.9847005546573372,
        -0.04204796772469441,
        -2.2371860641761043
      ],
      [
        0.8039564140810794,
        0.16249364919911852,
        0.5720576004458341,
        -12.190980946049578
      ],
      [
        0,
        0,
        0,
        1
      ]
    ]
  },
  "cameraTransform": {
    "rows": [
      [
        0.5701379641719508,
        -0.16910584279602908,
        0.8039564140810797,
        9.627815617622161
      ],
      [
        0.06293354929992455,
        0.9847005546573376,
        0.1624936491991186,
        4.206557051994852
      ],
      [
        -0.8191349523627823,
        -0.042047967724694435,
        0.5720576004458343,
        6.5851725731699515
      ],
      [
        0,
        0,
        0,
        1
      ]
    ]
  },
  "horizontalFieldOfView": 0.6394876583315249,
  "verticalFieldOfView": 0.41317598925691246,
  "vanishingPoints": [
    {
      "x": 4.3246383283474366,
      "y": 0.22199303341507798
    },
    {
      "x": -2.141813007385767,
      "y": 0.63527271728257
    },
    {
      "x": -1.1697146498544402,
      "y": -18.302140548488996
    }
  ],
  "vanishingPointAxes": [
    "zNegative",
    "xNegative",
    "yPositive"
  ],
  "relativeFocalLength": 3.0201888196498876,
  "imageWidth": 1177,
  "imageHeight": 745
}