{
  "principalPoint": {
    "x": 0,
    "y": 0
  },
  "viewTransform": {
    "rows": [
      [
        0.46742439945243314,
        0.008825276022482002,
        -0.8839889961417277,
        -0.36243384901665116
      ],
      [
        -0.10457428829661634,
        0.9934813234834509,
        -0.04537706597861104,
        -2.2537399905525275
      ],
      [
        0.877826092699339,
        0.1136528679475272,
        0.4653003079555327,
        -9.256409013517914
      ],
      [
        0,
        0,
        0,
        1
      ]
    ]
  },
  "cameraTransform": {
    "rows": [
      [
        0.4674243994524332,
        -0.10457428829661636,
        0.8778260926993391,
        8.059244525463562
      ],
      [
        0.008825276022482002,
        0.9934813234834509,
        0.1136528679475272,
        3.2942645986408197
      ],
      [
        -0.8839889961417278,
        -0.04537706597861105,
        0.46530030795553273,
        3.8843543219423053
      ],
      [
        0,
        0,
        0,
        1
      ]
    ]
  },
  "horizontalFieldOfView": 0.8278448022499525,
  "verticalFieldOfView": 0.5424236377944153,
  "vanishingPoints": [
    {
      "x": 4.3246383283474366,
      "y": 0.22199303341507798
    },
    {
      "x": -1.212101997732617,
      "y": 0.2711769088312095
    },
    {
      "x": -0.1767600729692075,
      "y": -19.89828202371534
    }
  ],
  "vanishingPointAxes": [
    "zNegative",
    "xNegative",
    "yPositive"
  ],
  "relativeFocalLength": 2.276335514083416,
  "imageWidth": 1177,
  "imageHeight": 745
}